{
    "toronto": 1326.8715936664717,
    "new_york": 1278.142961334137,
    "ottawa": 1292.73699989632,
    "montreal": 1298.0519247585119,
    "boston": 1292.0737829956556,
    "minnesota": 1312.122737348904
}